position,ref,alt,count,disease
955,A,D,1,AHC
333,C,F,3,AHC
927,C,F,2,AHC
220,D,N,2,AHC
801,D,E,2,AHC
801,D,N,61,AHC
801,D,V,1,AHC
805,D,H,1,AHC
923,D,N,4,AHC
923,D,Y,2,AHC
992,D,Y,1,AHC
277,E,K,1,AHC
815,E,K,37,AHC
358,G,C,1,AHC
706,G,R,1,AHC
755,G,A,1,AHC
755,G,C,4,AHC
755,G,S,2,AHC
893,G,R,1,AHC
947,G,R,18,AHC
274,I,N,1,AHC
810,I,N,1,AHC
810,I,S,1,AHC
371,L,P,1,AHC
715,L,P,1,AHC
802,L,P,2,AHC
839,L,P,2,AHC
888,L,P,1,AHC
773,N,S,1,AHC
773,N,I,1,AHC
808,P,L,1,AHC
140,Q,L,1,AHC
137,S,F,1,AHC
137,S,Y,4,AHC
772,S,R,2,AHC
811,S,P,4,AHC
370,T,N,1,AHC
771,T,I,1,AHC
771,T,N,2,AHC
804,T,I,1,AHC
322,V,D,2,AHC
742,D,Y,1,CAPOS
818,E,K,4,CAPOS
154,M,V,1,CAPOS
123,G,R,1,RDP
316,G,S,1,RDP
597,R,P,1,RDP
613,T,M,3,RDP
