NP_689509.1,123,G,R,1,RDP
NP_689509.1,755,G,A,1,AHC
NP_689509.1,316,G,S,1,RDP
NP_689509.1,923,D,Y,2,AHC
NP_689509.1,801,D,N,61,AHC
NP_689509.1,811,S,P,4,AHC
NP_689509.1,927,C,F,2,AHC
NP_689509.1,706,G,R,1,AHC
NP_689509.1,947,G,R,18,AHC
NP_689509.1,772,S,R,2,AHC
NP_689509.1,137,S,Y,4,AHC
NP_689509.1,597,R,P,1,RDP
NP_689509.1,322,V,D,2,AHC
NP_689509.1,839,L,P,2,AHC
NP_689509.1,277,E,K,1,AHC
NP_689509.1,771,T,N,2,AHC
NP_689509.1,771,T,I,1,AHC
NP_689509.1,815,E,K,37,AHC
NP_689509.1,810,I,N,1,AHC
NP_689509.1,755,G,S,2,AHC
NP_689509.1,274,I,N,1,AHC
NP_689509.1,810,I,S,1,AHC
NP_689509.1,773,N,I,1,AHC
NP_689509.1,137,S,F,1,AHC
