substitution,type,inheritance,disease
A320T,Missense_Mutation,De novo,DD
A681T,Missense_Mutation,De novo,DD
A955D,Missense_Mutation,De novo,AHC
C333F,Missense_Mutation,De novo,AHC
C333F,Missense_Mutation,De novo,AHC
C333F,Missense_Mutation,De novo,AHC
C927F,Missense_Mutation,De novo,AHC
C927Y,Missense_Mutation,De novo,AHC
D220N,Missense_Mutation,De novo,AHC
D583Y,Missense_Mutation,De novo,RDP + AHC
D742Y,Missense_Mutation,De novo,CAPOS
D801E,Missense_Mutation,De novo,AHC
D801E,Missense_Mutation,De novo,AHC
D801N,Missense_Mutation,De novo,AHC
D801N,Missense_Mutation,De novo,AHC
D801N,Missense_Mutation,De novo,AHC
D801N,Missense_Mutation,De novo,AHC
D801N,Missense_Mutation,De novo,AHC
D801N,Missense_Mutation,De novo,AHC
D801N,Missense_Mutation,De novo,AHC
D801N,Missense_Mutation,De novo,AHC
D801N,Missense_Mutation,De novo,AHC
D801N,Missense_Mutation,De novo,AHC
D801N,Missense_Mutation,De novo,AHC
D801N,Missense_Mutation,De novo,AHC
D801N,Missense_Mutation,De novo,AHC
D801N,Missense_Mutation,De novo,AHC
D801N,Missense_Mutation,De novo,AHC
D801N,Missense_Mutation,De novo,AHC
D801N,Missense_Mutation,De novo,AHC
D801N,Missense_Mutation,De novo,AHC
D801N,Missense_Mutation,De novo,AHC
D801N,Missense_Mutation,De novo,AHC
D801N,Missense_Mutation,De novo,AHC
D801N,Missense_Mutation,De novo,AHC
D801N,Missense_Mutation,De novo,AHC
D801N,Missense_Mutation,De novo,AHC
D801N,Missense_Mutation,De novo,AHC
D801N,Missense_Mutation,De novo,AHC
D801N,Missense_Mutation,De novo,AHC
D801N,Missense_Mutation,De novo,AHC
D801N,Missense_Mutation,De novo,AHC
D801N,Missense_Mutation,De novo,AHC
D801N,Missense_Mutation,De novo,AHC
D801N,Missense_Mutation,De novo,AHC
D801N,Missense_Mutation,De novo,AHC
D801N,Missense_Mutation,De novo,AHC
D801N,Missense_Mutation,De novo,AHC
D801N,Missense_Mutation,De novo,AHC
D801N,Missense_Mutation,De novo,AHC
D801N,Missense_Mutation,De novo,AHC
D801N,Missense_Mutation,De novo,AHC
D801N,Missense_Mutation,De novo,AHC
D801N,Missense_Mutation,De novo,AHC
D801N,Missense_Mutation,De novo,AHC
D801N,Missense_Mutation,De novo,AHC
D801N,Missense_Mutation,De novo,AHC
D801N,Missense_Mutation,De novo,AHC
D801N,Missense_Mutation,De novo,AHC
D801N,Missense_Mutation,De novo,AHC
D801N,Missense_Mutation,De novo,AHC
D801N,Missense_Mutation,De novo,AHC
D801N,Missense_Mutation,De novo,AHC
D801N,Missense_Mutation,De novo,AHC
D801N,Missense_Mutation,De novo,AHC
D801N,Missense_Mutation,De novo,AHC
D801N,Missense_Mutation,De novo,AHC
D801N,Missense_Mutation,De novo,AHC
D801N,Missense_Mutation,De novo,AHC
D801N,Missense_Mutation,De novo,AHC
D801N,Missense_Mutation,De novo,AHC
D801N,Missense_Mutation,De novo,AHC
D801N,Missense_Mutation,De novo,AHC
D801N,Missense_Mutation,De novo,AHC
D801V,Missense_Mutation,De novo,AHC
D805H,Missense_Mutation,De novo,AHC
D923N,Missense_Mutation,De novo,RDP
D923N,Missense_Mutation,De novo,AHC
D923N,Missense_Mutation,De novo,AHC
D923N,Missense_Mutation,De novo,AHC
D923N,Missense_Mutation,De novo,AHC
D923Y,Missense_Mutation,De novo,AHC
D923Y,Missense_Mutation,De novo,AHC
D992Y,Missense_Mutation,De novo,AHC
E277K,Missense_Mutation,De novo,AHC
E277K,Missense_Mutation,De novo,RDP
E815K,Missense_Mutation,De novo,AHC
E815K,Missense_Mutation,De novo,AHC
E815K,Missense_Mutation,De novo,AHC
E815K,Missense_Mutation,De novo,AHC
E815K,Missense_Mutation,De novo,AHC
E815K,Missense_Mutation,De novo,AHC
E815K,Missense_Mutation,De novo,AHC
E815K,Missense_Mutation,De novo,AHC
E815K,Missense_Mutation,De novo,AHC
E815K,Missense_Mutation,De novo,AHC
E815K,Missense_Mutation,De novo,AHC
E815K,Missense_Mutation,De novo,AHC
E815K,Missense_Mutation,De novo,AHC
E815K,Missense_Mutation,De novo,AHC
E815K,Missense_Mutation,De novo,AHC
E815K,Missense_Mutation,De novo,AHC
E815K,Missense_Mutation,De novo,AHC
E815K,Missense_Mutation,De novo,AHC
E815K,Missense_Mutation,De novo,AHC
E815K,Missense_Mutation,De novo,AHC
E815K,Missense_Mutation,De novo,AHC
E815K,Missense_Mutation,De novo,AHC
E815K,Missense_Mutation,De novo,AHC
E815K,Missense_Mutation,De novo,AHC
E815K,Missense_Mutation,De novo,AHC
E815K,Missense_Mutation,De novo,AHC
E815K,Missense_Mutation,De novo,AHC
E815K,Missense_Mutation,De novo,AHC
E815K,Missense_Mutation,De novo,AHC
E815K,Missense_Mutation,De novo,AHC
E815K,Missense_Mutation,De novo,AHC
E815K,Missense_Mutation,De novo,AHC
E815K,Missense_Mutation,De novo,AHC
E815K,Missense_Mutation,De novo,AHC
E815K,Missense_Mutation,De novo,AHC
E815K,Missense_Mutation,De novo,AHC
E815K,Missense_Mutation,De novo,AHC
E818_splice,Splice_Site,De novo,AHC
E818_splice,Splice_Site,De novo,AHC
E818_splice,Splice_Site,De novo,AHC
E818K,Missense_Mutation,De novo,ANSD
E818K,Missense_Mutation,De novo,ANSD
E818K,Missense_Mutation,De novo,CAPOS
E818K,Missense_Mutation,De novo,CAPOS
E818K,Missense_Mutation,De novo,CAPOS
E818K,Missense_Mutation,De novo,RDP + AHC + CAPOS
E818K,Missense_Mutation,De novo,CAPOS
F266S,Missense_Mutation,De novo,ASD
G123R,Missense_Mutation,De novo,RDP
G316S,Missense_Mutation,De novo,Rapid-Onset Ataxia
G316S,Missense_Mutation,De novo,RDP
G316V,Missense_Mutation,De novo,DD
G358C,Missense_Mutation,De novo,AHC
G358D,Missense_Mutation,De novo,RDP + AHC
G358V,Missense_Mutation,De novo,Catastrophic Early Life Epilepsy
G706R,Missense_Mutation,De novo,AHC
G706R,Missense_Mutation,De novo,Potential RECA
G706R,Missense_Mutation,De novo,Potential RECA
G706R,Missense_Mutation,De novo,DD
G734E,Missense_Mutation,De novo,DD
G755A,Missense_Mutation,De novo,AHC
G755C,Missense_Mutation,De novo,AHC
G755C,Missense_Mutation,De novo,AHC
G755C,Missense_Mutation,De novo,AHC
G755C,Missense_Mutation,De novo,AHC
G755S,Missense_Mutation,De novo,AHC
G755S,Missense_Mutation,De novo,AHC
G867D,Missense_Mutation,De novo,RDP + AHC
G893R,Missense_Mutation,De novo,AHC
G89A,Missense_Mutation,De novo,DD
G947R,Missense_Mutation,De novo,AHC
G947R,Missense_Mutation,De novo,AHC
G947R,Missense_Mutation,De novo,AHC
G947R,Missense_Mutation,De novo,AHC
G947R,Missense_Mutation,De novo,AHC
G947R,Missense_Mutation,De novo,AHC
G947R,Missense_Mutation,De novo,AHC
G947R,Missense_Mutation,De novo,AHC
G947R,Missense_Mutation,De novo,AHC
G947R,Missense_Mutation,De novo,AHC
G947R,Missense_Mutation,De novo,AHC
G947R,Missense_Mutation,De novo,AHC
G947R,Missense_Mutation,De novo,AHC
G947R,Missense_Mutation,De novo,AHC
G947R,Missense_Mutation,De novo,AHC
G947R,Missense_Mutation,De novo,AHC
G947R,Missense_Mutation,De novo,AHC
G947R,Missense_Mutation,De novo,AHC
I274N,Missense_Mutation,De novo,AHC
I363N,Missense_Mutation,De novo,Epilepsy and recurrent apnea
I810N,Missense_Mutation,De novo,AHC
I810S,Missense_Mutation,De novo,AHC
L292R,Missense_Mutation,De novo,DD
L326fs,Frame_Shift_Del,De novo,RDP
L371P,Missense_Mutation,De novo,AHC
L715P,Missense_Mutation,De novo,AHC
L802P,Missense_Mutation,De novo,AHC
L802P,Missense_Mutation,De novo,AHC
L839P,Missense_Mutation,De novo,AHC
L888P,Missense_Mutation,De novo,AHC
M154V,Missense_Mutation,De novo,CAPOS
N773I,Missense_Mutation,De novo,AHC
N773S,Missense_Mutation,De novo,AHC
P808L,Missense_Mutation,De novo,AHC
Q140L,Missense_Mutation,De novo,AHC
R597P,Missense_Mutation,De novo,RDP
R756C,Missense_Mutation,De novo,FIPWE
R756C,Missense_Mutation,De novo,RDP + AHC
R756C,Missense_Mutation,De novo,RDP + AHC
R756C,Missense_Mutation,De novo,RDP + AHC
R756C,Missense_Mutation,De novo,RDP + AHC + CAPOS
R756H,Missense_Mutation,De novo,RDP + AHC
S137F,Missense_Mutation,De novo,AHC
S137Y,Missense_Mutation,De novo,AHC
S137Y,Missense_Mutation,De novo,AHC
S137Y,Missense_Mutation,De novo,AHC
S137Y,Missense_Mutation,De novo,AHC
S772R,Missense_Mutation,De novo,AHC
S772R,Missense_Mutation,De novo,AHC
S811P,Missense_Mutation,De novo,AHC
S811P,Missense_Mutation,De novo,AHC
S811P,Missense_Mutation,De novo,AHC
S811P,Missense_Mutation,De novo,AHC
T331_splice,Splice_Site,De novo,AHC
T331I,Missense_Mutation,De novo,DD
T370N,Missense_Mutation,De novo,AHC
T613M,Missense_Mutation,De novo,RDP
T613M,Missense_Mutation,De novo,RDP
T613M,Missense_Mutation,De novo,RDP
T771I,Missense_Mutation,De novo,AHC
T771N,Missense_Mutation,De novo,AHC
T771N,Missense_Mutation,De novo,AHC
T804I,Missense_Mutation,De novo,AHC
V129M,Missense_Mutation,De novo,Childhood-onset schizophrenia
V322D,Missense_Mutation,De novo,AHC
V322D,Missense_Mutation,De novo,AHC
V322I,Missense_Mutation,De novo,DD
V919fs,In_Frame_Del,De novo,AHC
Y1013fs,In_Frame_Ins,De novo,RDP
