#ROW_NO.	INPUT	PROTEIN_ID	POSITION	RESIDUE_REF	RESIDUE_ALT	pSCORE	PREDICTION (cutoff=-2.5)	#SEQ	#CLUSTER	sSCORE	PREDICTION (cutoff=0.05)	MEDIAN_INFO	#SEQ
1	NP_689509.1 320 A T	NP_689509.1	320	A	T	-3.39	Deleterious	981	30	0.000	Damaging	3.63	369
2	NP_689509.1 681 A T	NP_689509.1	681	A	T	-3.04	Deleterious	981	30	0.000	Damaging	3.63	369
3	NP_689509.1 955 A D	NP_689509.1	955	A	D	-3.58	Deleterious	981	30	0.000	Damaging	3.62	358
4	NP_689509.1 333 C F	NP_689509.1	333	C	F	-8.47	Deleterious	981	30	0.000	Damaging	3.63	369
5	NP_689509.1 333 C F	NP_689509.1	333	C	F	-8.47	Deleterious	981	30	0.000	Damaging	3.63	369
6	NP_689509.1 333 C F	NP_689509.1	333	C	F	-8.47	Deleterious	981	30	0.000	Damaging	3.63	369
7	NP_689509.1 927 C F	NP_689509.1	927	C	F	-4.78	Deleterious	981	30	0.007	Damaging	3.63	365
8	NP_689509.1 927 C Y	NP_689509.1	927	C	Y	-4.65	Deleterious	981	30	0.006	Damaging	3.63	365
9	NP_689509.1 220 D N	NP_689509.1	220	D	N	-2.39	Neutral	981	30	0.001	Damaging	3.63	367
10	NP_689509.1 583 D Y	NP_689509.1	583	D	Y	-7.32	Deleterious	981	30	0.000	Damaging	3.63	369
11	NP_689509.1 742 D Y	NP_689509.1	742	D	Y	-6.60	Deleterious	981	30	0.000	Damaging	3.63	369
12	NP_689509.1 801 D E	NP_689509.1	801	D	E	-2.44	Neutral	981	30	0.119	Tolerated	3.63	369
13	NP_689509.1 801 D E	NP_689509.1	801	D	E	-2.44	Neutral	981	30	0.119	Tolerated	3.63	369
14	NP_689509.1 801 D N	NP_689509.1	801	D	N	-3.42	Deleterious	981	30	0.001	Damaging	3.63	369
15	NP_689509.1 801 D N	NP_689509.1	801	D	N	-3.42	Deleterious	981	30	0.001	Damaging	3.63	369
16	NP_689509.1 801 D N	NP_689509.1	801	D	N	-3.42	Deleterious	981	30	0.001	Damaging	3.63	369
17	NP_689509.1 801 D N	NP_689509.1	801	D	N	-3.42	Deleterious	981	30	0.001	Damaging	3.63	369
18	NP_689509.1 801 D N	NP_689509.1	801	D	N	-3.42	Deleterious	981	30	0.001	Damaging	3.63	369
19	NP_689509.1 801 D N	NP_689509.1	801	D	N	-3.42	Deleterious	981	30	0.001	Damaging	3.63	369
20	NP_689509.1 801 D N	NP_689509.1	801	D	N	-3.42	Deleterious	981	30	0.001	Damaging	3.63	369
21	NP_689509.1 801 D N	NP_689509.1	801	D	N	-3.42	Deleterious	981	30	0.001	Damaging	3.63	369
22	NP_689509.1 801 D N	NP_689509.1	801	D	N	-3.42	Deleterious	981	30	0.001	Damaging	3.63	369
23	NP_689509.1 801 D N	NP_689509.1	801	D	N	-3.42	Deleterious	981	30	0.001	Damaging	3.63	369
24	NP_689509.1 801 D N	NP_689509.1	801	D	N	-3.42	Deleterious	981	30	0.001	Damaging	3.63	369
25	NP_689509.1 801 D N	NP_689509.1	801	D	N	-3.42	Deleterious	981	30	0.001	Damaging	3.63	369
26	NP_689509.1 801 D N	NP_689509.1	801	D	N	-3.42	Deleterious	981	30	0.001	Damaging	3.63	369
27	NP_689509.1 801 D N	NP_689509.1	801	D	N	-3.42	Deleterious	981	30	0.001	Damaging	3.63	369
28	NP_689509.1 801 D N	NP_689509.1	801	D	N	-3.42	Deleterious	981	30	0.001	Damaging	3.63	369
29	NP_689509.1 801 D N	NP_689509.1	801	D	N	-3.42	Deleterious	981	30	0.001	Damaging	3.63	369
30	NP_689509.1 801 D N	NP_689509.1	801	D	N	-3.42	Deleterious	981	30	0.001	Damaging	3.63	369
31	NP_689509.1 801 D N	NP_689509.1	801	D	N	-3.42	Deleterious	981	30	0.001	Damaging	3.63	369
32	NP_689509.1 801 D N	NP_689509.1	801	D	N	-3.42	Deleterious	981	30	0.001	Damaging	3.63	369
33	NP_689509.1 801 D N	NP_689509.1	801	D	N	-3.42	Deleterious	981	30	0.001	Damaging	3.63	369
34	NP_689509.1 801 D N	NP_689509.1	801	D	N	-3.42	Deleterious	981	30	0.001	Damaging	3.63	369
35	NP_689509.1 801 D N	NP_689509.1	801	D	N	-3.42	Deleterious	981	30	0.001	Damaging	3.63	369
36	NP_689509.1 801 D N	NP_689509.1	801	D	N	-3.42	Deleterious	981	30	0.001	Damaging	3.63	369
37	NP_689509.1 801 D N	NP_689509.1	801	D	N	-3.42	Deleterious	981	30	0.001	Damaging	3.63	369
38	NP_689509.1 801 D N	NP_689509.1	801	D	N	-3.42	Deleterious	981	30	0.001	Damaging	3.63	369
39	NP_689509.1 801 D N	NP_689509.1	801	D	N	-3.42	Deleterious	981	30	0.001	Damaging	3.63	369
40	NP_689509.1 801 D N	NP_689509.1	801	D	N	-3.42	Deleterious	981	30	0.001	Damaging	3.63	369
41	NP_689509.1 801 D N	NP_689509.1	801	D	N	-3.42	Deleterious	981	30	0.001	Damaging	3.63	369
42	NP_689509.1 801 D N	NP_689509.1	801	D	N	-3.42	Deleterious	981	30	0.001	Damaging	3.63	369
43	NP_689509.1 801 D N	NP_689509.1	801	D	N	-3.42	Deleterious	981	30	0.001	Damaging	3.63	369
44	NP_689509.1 801 D N	NP_689509.1	801	D	N	-3.42	Deleterious	981	30	0.001	Damaging	3.63	369
45	NP_689509.1 801 D N	NP_689509.1	801	D	N	-3.42	Deleterious	981	30	0.001	Damaging	3.63	369
46	NP_689509.1 801 D N	NP_689509.1	801	D	N	-3.42	Deleterious	981	30	0.001	Damaging	3.63	369
47	NP_689509.1 801 D N	NP_689509.1	801	D	N	-3.42	Deleterious	981	30	0.001	Damaging	3.63	369
48	NP_689509.1 801 D N	NP_689509.1	801	D	N	-3.42	Deleterious	981	30	0.001	Damaging	3.63	369
49	NP_689509.1 801 D N	NP_689509.1	801	D	N	-3.42	Deleterious	981	30	0.001	Damaging	3.63	369
50	NP_689509.1 801 D N	NP_689509.1	801	D	N	-3.42	Deleterious	981	30	0.001	Damaging	3.63	369
51	NP_689509.1 801 D N	NP_689509.1	801	D	N	-3.42	Deleterious	981	30	0.001	Damaging	3.63	369
52	NP_689509.1 801 D N	NP_689509.1	801	D	N	-3.42	Deleterious	981	30	0.001	Damaging	3.63	369
53	NP_689509.1 801 D N	NP_689509.1	801	D	N	-3.42	Deleterious	981	30	0.001	Damaging	3.63	369
54	NP_689509.1 801 D N	NP_689509.1	801	D	N	-3.42	Deleterious	981	30	0.001	Damaging	3.63	369
55	NP_689509.1 801 D N	NP_689509.1	801	D	N	-3.42	Deleterious	981	30	0.001	Damaging	3.63	369
56	NP_689509.1 801 D N	NP_689509.1	801	D	N	-3.42	Deleterious	981	30	0.001	Damaging	3.63	369
57	NP_689509.1 801 D N	NP_689509.1	801	D	N	-3.42	Deleterious	981	30	0.001	Damaging	3.63	369
58	NP_689509.1 801 D N	NP_689509.1	801	D	N	-3.42	Deleterious	981	30	0.001	Damaging	3.63	369
59	NP_689509.1 801 D N	NP_689509.1	801	D	N	-3.42	Deleterious	981	30	0.001	Damaging	3.63	369
60	NP_689509.1 801 D N	NP_689509.1	801	D	N	-3.42	Deleterious	981	30	0.001	Damaging	3.63	369
61	NP_689509.1 801 D N	NP_689509.1	801	D	N	-3.42	Deleterious	981	30	0.001	Damaging	3.63	369
62	NP_689509.1 801 D N	NP_689509.1	801	D	N	-3.42	Deleterious	981	30	0.001	Damaging	3.63	369
63	NP_689509.1 801 D N	NP_689509.1	801	D	N	-3.42	Deleterious	981	30	0.001	Damaging	3.63	369
64	NP_689509.1 801 D N	NP_689509.1	801	D	N	-3.42	Deleterious	981	30	0.001	Damaging	3.63	369
65	NP_689509.1 801 D N	NP_689509.1	801	D	N	-3.42	Deleterious	981	30	0.001	Damaging	3.63	369
66	NP_689509.1 801 D N	NP_689509.1	801	D	N	-3.42	Deleterious	981	30	0.001	Damaging	3.63	369
67	NP_689509.1 801 D N	NP_689509.1	801	D	N	-3.42	Deleterious	981	30	0.001	Damaging	3.63	369
68	NP_689509.1 801 D N	NP_689509.1	801	D	N	-3.42	Deleterious	981	30	0.001	Damaging	3.63	369
69	NP_689509.1 801 D N	NP_689509.1	801	D	N	-3.42	Deleterious	981	30	0.001	Damaging	3.63	369
70	NP_689509.1 801 D N	NP_689509.1	801	D	N	-3.42	Deleterious	981	30	0.001	Damaging	3.63	369
71	NP_689509.1 801 D N	NP_689509.1	801	D	N	-3.42	Deleterious	981	30	0.001	Damaging	3.63	369
72	NP_689509.1 801 D N	NP_689509.1	801	D	N	-3.42	Deleterious	981	30	0.001	Damaging	3.63	369
73	NP_689509.1 801 D N	NP_689509.1	801	D	N	-3.42	Deleterious	981	30	0.001	Damaging	3.63	369
74	NP_689509.1 801 D N	NP_689509.1	801	D	N	-3.42	Deleterious	981	30	0.001	Damaging	3.63	369
75	NP_689509.1 801 D V	NP_689509.1	801	D	V	-6.21	Deleterious	981	30	0.000	Damaging	3.63	369
76	NP_689509.1 805 D H	NP_689509.1	805	D	H	-4.94	Deleterious	981	30	0.000	Damaging	3.63	369
77	NP_689509.1 923 D N	NP_689509.1	923	D	N	-3.12	Deleterious	981	30	0.039	Damaging	3.63	365
78	NP_689509.1 923 D N	NP_689509.1	923	D	N	-3.12	Deleterious	981	30	0.039	Damaging	3.63	365
79	NP_689509.1 923 D N	NP_689509.1	923	D	N	-3.12	Deleterious	981	30	0.039	Damaging	3.63	365
80	NP_689509.1 923 D N	NP_689509.1	923	D	N	-3.12	Deleterious	981	30	0.039	Damaging	3.63	365
81	NP_689509.1 923 D N	NP_689509.1	923	D	N	-3.12	Deleterious	981	30	0.039	Damaging	3.63	365
82	NP_689509.1 923 D Y	NP_689509.1	923	D	Y	-6.05	Deleterious	981	30	0.000	Damaging	3.63	365
83	NP_689509.1 923 D Y	NP_689509.1	923	D	Y	-6.05	Deleterious	981	30	0.000	Damaging	3.63	365
84	NP_689509.1 992 D Y	NP_689509.1	992	D	Y	-5.91	Deleterious	981	30	0.000	Damaging	3.63	353
85	NP_689509.1 277 E K	NP_689509.1	277	E	K	-3.39	Deleterious	981	30	0.000	Damaging	3.63	369
86	NP_689509.1 277 E K	NP_689509.1	277	E	K	-3.39	Deleterious	981	30	0.000	Damaging	3.63	369
87	NP_689509.1 815 E K	NP_689509.1	815	E	K	-2.88	Deleterious	981	30	0.001	Damaging	3.63	368
88	NP_689509.1 815 E K	NP_689509.1	815	E	K	-2.88	Deleterious	981	30	0.001	Damaging	3.63	368
89	NP_689509.1 815 E K	NP_689509.1	815	E	K	-2.88	Deleterious	981	30	0.001	Damaging	3.63	368
90	NP_689509.1 815 E K	NP_689509.1	815	E	K	-2.88	Deleterious	981	30	0.001	Damaging	3.63	368
91	NP_689509.1 815 E K	NP_689509.1	815	E	K	-2.88	Deleterious	981	30	0.001	Damaging	3.63	368
92	NP_689509.1 815 E K	NP_689509.1	815	E	K	-2.88	Deleterious	981	30	0.001	Damaging	3.63	368
93	NP_689509.1 815 E K	NP_689509.1	815	E	K	-2.88	Deleterious	981	30	0.001	Damaging	3.63	368
94	NP_689509.1 815 E K	NP_689509.1	815	E	K	-2.88	Deleterious	981	30	0.001	Damaging	3.63	368
95	NP_689509.1 815 E K	NP_689509.1	815	E	K	-2.88	Deleterious	981	30	0.001	Damaging	3.63	368
96	NP_689509.1 815 E K	NP_689509.1	815	E	K	-2.88	Deleterious	981	30	0.001	Damaging	3.63	368
97	NP_689509.1 815 E K	NP_689509.1	815	E	K	-2.88	Deleterious	981	30	0.001	Damaging	3.63	368
98	NP_689509.1 815 E K	NP_689509.1	815	E	K	-2.88	Deleterious	981	30	0.001	Damaging	3.63	368
99	NP_689509.1 815 E K	NP_689509.1	815	E	K	-2.88	Deleterious	981	30	0.001	Damaging	3.63	368
100	NP_689509.1 815 E K	NP_689509.1	815	E	K	-2.88	Deleterious	981	30	0.001	Damaging	3.63	368
101	NP_689509.1 815 E K	NP_689509.1	815	E	K	-2.88	Deleterious	981	30	0.001	Damaging	3.63	368
102	NP_689509.1 815 E K	NP_689509.1	815	E	K	-2.88	Deleterious	981	30	0.001	Damaging	3.63	368
103	NP_689509.1 815 E K	NP_689509.1	815	E	K	-2.88	Deleterious	981	30	0.001	Damaging	3.63	368
104	NP_689509.1 815 E K	NP_689509.1	815	E	K	-2.88	Deleterious	981	30	0.001	Damaging	3.63	368
105	NP_689509.1 815 E K	NP_689509.1	815	E	K	-2.88	Deleterious	981	30	0.001	Damaging	3.63	368
106	NP_689509.1 815 E K	NP_689509.1	815	E	K	-2.88	Deleterious	981	30	0.001	Damaging	3.63	368
107	NP_689509.1 815 E K	NP_689509.1	815	E	K	-2.88	Deleterious	981	30	0.001	Damaging	3.63	368
108	NP_689509.1 815 E K	NP_689509.1	815	E	K	-2.88	Deleterious	981	30	0.001	Damaging	3.63	368
109	NP_689509.1 815 E K	NP_689509.1	815	E	K	-2.88	Deleterious	981	30	0.001	Damaging	3.63	368
110	NP_689509.1 815 E K	NP_689509.1	815	E	K	-2.88	Deleterious	981	30	0.001	Damaging	3.63	368
111	NP_689509.1 815 E K	NP_689509.1	815	E	K	-2.88	Deleterious	981	30	0.001	Damaging	3.63	368
112	NP_689509.1 815 E K	NP_689509.1	815	E	K	-2.88	Deleterious	981	30	0.001	Damaging	3.63	368
113	NP_689509.1 815 E K	NP_689509.1	815	E	K	-2.88	Deleterious	981	30	0.001	Damaging	3.63	368
114	NP_689509.1 815 E K	NP_689509.1	815	E	K	-2.88	Deleterious	981	30	0.001	Damaging	3.63	368
115	NP_689509.1 815 E K	NP_689509.1	815	E	K	-2.88	Deleterious	981	30	0.001	Damaging	3.63	368
116	NP_689509.1 815 E K	NP_689509.1	815	E	K	-2.88	Deleterious	981	30	0.001	Damaging	3.63	368
117	NP_689509.1 815 E K	NP_689509.1	815	E	K	-2.88	Deleterious	981	30	0.001	Damaging	3.63	368
118	NP_689509.1 815 E K	NP_689509.1	815	E	K	-2.88	Deleterious	981	30	0.001	Damaging	3.63	368
119	NP_689509.1 815 E K	NP_689509.1	815	E	K	-2.88	Deleterious	981	30	0.001	Damaging	3.63	368
120	NP_689509.1 815 E K	NP_689509.1	815	E	K	-2.88	Deleterious	981	30	0.001	Damaging	3.63	368
121	NP_689509.1 815 E K	NP_689509.1	815	E	K	-2.88	Deleterious	981	30	0.001	Damaging	3.63	368
122	NP_689509.1 815 E K	NP_689509.1	815	E	K	-2.88	Deleterious	981	30	0.001	Damaging	3.63	368
123	NP_689509.1 815 E K	NP_689509.1	815	E	K	-2.88	Deleterious	981	30	0.001	Damaging	3.63	368
124	NP_689509.1 818 E K	NP_689509.1	818	E	K	-2.88	Deleterious	981	30	0.001	Damaging	3.63	368
125	NP_689509.1 818 E K	NP_689509.1	818	E	K	-2.88	Deleterious	981	30	0.001	Damaging	3.63	368
126	NP_689509.1 818 E K	NP_689509.1	818	E	K	-2.88	Deleterious	981	30	0.001	Damaging	3.63	368
127	NP_689509.1 818 E K	NP_689509.1	818	E	K	-2.88	Deleterious	981	30	0.001	Damaging	3.63	368
128	NP_689509.1 818 E K	NP_689509.1	818	E	K	-2.88	Deleterious	981	30	0.001	Damaging	3.63	368
129	NP_689509.1 818 E K	NP_689509.1	818	E	K	-2.88	Deleterious	981	30	0.001	Damaging	3.63	368
130	NP_689509.1 818 E K	NP_689509.1	818	E	K	-2.88	Deleterious	981	30	0.001	Damaging	3.63	368
131	NP_689509.1 266 F S	reference AA not matched
132	NP_689509.1 123 G R	NP_689509.1	123	G	R	-5.77	Deleterious	981	30	0.000	Damaging	3.63	359
133	NP_689509.1 316 G S	NP_689509.1	316	G	S	-4.46	Deleterious	981	30	0.027	Damaging	3.63	369
134	NP_689509.1 316 G S	NP_689509.1	316	G	S	-4.46	Deleterious	981	30	0.027	Damaging	3.63	369
135	NP_689509.1 316 G V	NP_689509.1	316	G	V	-6.87	Deleterious	981	30	0.000	Damaging	3.63	369
136	NP_689509.1 358 G C	NP_689509.1	358	G	C	-7.60	Deleterious	981	30	0.000	Damaging	3.63	369
137	NP_689509.1 358 G D	NP_689509.1	358	G	D	-5.91	Deleterious	981	30	0.000	Damaging	3.63	369
138	NP_689509.1 358 G V	NP_689509.1	358	G	V	-7.60	Deleterious	981	30	0.000	Damaging	3.63	369
139	NP_689509.1 706 G R	NP_689509.1	706	G	R	-6.21	Deleterious	981	30	0.000	Damaging	3.63	369
140	NP_689509.1 706 G R	NP_689509.1	706	G	R	-6.21	Deleterious	981	30	0.000	Damaging	3.63	369
141	NP_689509.1 706 G R	NP_689509.1	706	G	R	-6.21	Deleterious	981	30	0.000	Damaging	3.63	369
142	NP_689509.1 706 G R	NP_689509.1	706	G	R	-6.21	Deleterious	981	30	0.000	Damaging	3.63	369
143	NP_689509.1 734 G E	reference AA not matched
144	NP_689509.1 755 G A	NP_689509.1	755	G	A	-4.42	Deleterious	981	30	0.000	Damaging	3.63	368
145	NP_689509.1 755 G C	NP_689509.1	755	G	C	-6.58	Deleterious	981	30	0.000	Damaging	3.63	368
146	NP_689509.1 755 G C	NP_689509.1	755	G	C	-6.58	Deleterious	981	30	0.000	Damaging	3.63	368
147	NP_689509.1 755 G C	NP_689509.1	755	G	C	-6.58	Deleterious	981	30	0.000	Damaging	3.63	368
148	NP_689509.1 755 G C	NP_689509.1	755	G	C	-6.58	Deleterious	981	30	0.000	Damaging	3.63	368
149	NP_689509.1 755 G S	NP_689509.1	755	G	S	-4.42	Deleterious	981	30	0.000	Damaging	3.63	368
150	NP_689509.1 755 G S	NP_689509.1	755	G	S	-4.42	Deleterious	981	30	0.000	Damaging	3.63	368
151	NP_689509.1 867 G D	NP_689509.1	867	G	D	-5.03	Deleterious	981	30	0.001	Damaging	3.63	369
152	NP_689509.1 893 G R	NP_689509.1	893	G	R	-5.46	Deleterious	981	30	0.000	Damaging	3.63	369
153	NP_689509.1 89 G A	NP_689509.1	89	G	A	-4.49	Deleterious	981	30	0.000	Damaging	3.62	356
154	NP_689509.1 947 G R	NP_689509.1	947	G	R	-4.31	Deleterious	981	30	0.000	Damaging	3.62	357
155	NP_689509.1 947 G R	NP_689509.1	947	G	R	-4.31	Deleterious	981	30	0.000	Damaging	3.62	357
156	NP_689509.1 947 G R	NP_689509.1	947	G	R	-4.31	Deleterious	981	30	0.000	Damaging	3.62	357
157	NP_689509.1 947 G R	NP_689509.1	947	G	R	-4.31	Deleterious	981	30	0.000	Damaging	3.62	357
158	NP_689509.1 947 G R	NP_689509.1	947	G	R	-4.31	Deleterious	981	30	0.000	Damaging	3.62	357
159	NP_689509.1 947 G R	NP_689509.1	947	G	R	-4.31	Deleterious	981	30	0.000	Damaging	3.62	357
160	NP_689509.1 947 G R	NP_689509.1	947	G	R	-4.31	Deleterious	981	30	0.000	Damaging	3.62	357
161	NP_689509.1 947 G R	NP_689509.1	947	G	R	-4.31	Deleterious	981	30	0.000	Damaging	3.62	357
162	NP_689509.1 947 G R	NP_689509.1	947	G	R	-4.31	Deleterious	981	30	0.000	Damaging	3.62	357
163	NP_689509.1 947 G R	NP_689509.1	947	G	R	-4.31	Deleterious	981	30	0.000	Damaging	3.62	357
164	NP_689509.1 947 G R	NP_689509.1	947	G	R	-4.31	Deleterious	981	30	0.000	Damaging	3.62	357
165	NP_689509.1 947 G R	NP_689509.1	947	G	R	-4.31	Deleterious	981	30	0.000	Damaging	3.62	357
166	NP_689509.1 947 G R	NP_689509.1	947	G	R	-4.31	Deleterious	981	30	0.000	Damaging	3.62	357
167	NP_689509.1 947 G R	NP_689509.1	947	G	R	-4.31	Deleterious	981	30	0.000	Damaging	3.62	357
168	NP_689509.1 947 G R	NP_689509.1	947	G	R	-4.31	Deleterious	981	30	0.000	Damaging	3.62	357
169	NP_689509.1 947 G R	NP_689509.1	947	G	R	-4.31	Deleterious	981	30	0.000	Damaging	3.62	357
170	NP_689509.1 947 G R	NP_689509.1	947	G	R	-4.31	Deleterious	981	30	0.000	Damaging	3.62	357
171	NP_689509.1 947 G R	NP_689509.1	947	G	R	-4.31	Deleterious	981	30	0.000	Damaging	3.62	357
172	NP_689509.1 274 I N	NP_689509.1	274	I	N	-5.91	Deleterious	981	30	0.000	Damaging	3.63	369
173	NP_689509.1 363 I N	NP_689509.1	363	I	N	-5.89	Deleterious	981	30	0.000	Damaging	3.63	369
174	NP_689509.1 810 I N	NP_689509.1	810	I	N	-4.92	Deleterious	981	30	0.000	Damaging	3.63	368
175	NP_689509.1 810 I S	NP_689509.1	810	I	S	-4.22	Deleterious	981	30	0.000	Damaging	3.63	368
176	NP_689509.1 292 L R	NP_689509.1	292	L	R	-4.73	Deleterious	981	30	0.000	Damaging	3.63	369
177	NP_689509.1 371 L P	NP_689509.1	371	L	P	-5.82	Deleterious	981	30	0.000	Damaging	3.63	369
178	NP_689509.1 715 L P	NP_689509.1	715	L	P	-5.46	Deleterious	981	30	0.000	Damaging	3.63	369
179	NP_689509.1 802 L P	NP_689509.1	802	L	P	-4.99	Deleterious	981	30	0.000	Damaging	3.63	369
180	NP_689509.1 802 L P	NP_689509.1	802	L	P	-4.99	Deleterious	981	30	0.000	Damaging	3.63	369
181	NP_689509.1 839 L P	NP_689509.1	839	L	P	-4.98	Deleterious	981	30	0.000	Damaging	3.63	369
182	NP_689509.1 888 L P	NP_689509.1	888	L	P	-4.43	Deleterious	981	30	0.000	Damaging	3.63	369
183	NP_689509.1 154 M V	NP_689509.1	154	M	V	-2.39	Neutral	981	30	0.001	Damaging	3.63	364
184	NP_689509.1 773 N I	NP_689509.1	773	N	I	-6.39	Deleterious	981	30	0.000	Damaging	3.63	368
185	NP_689509.1 773 N S	NP_689509.1	773	N	S	-3.48	Deleterious	981	30	0.001	Damaging	3.63	368
186	NP_689509.1 808 P L	NP_689509.1	808	P	L	-7.03	Deleterious	981	30	0.000	Damaging	3.63	369
187	NP_689509.1 140 Q L	NP_689509.1	140	Q	L	-5.58	Deleterious	981	30	0.000	Damaging	3.63	362
188	NP_689509.1 597 R P	NP_689509.1	597	R	P	-5.30	Deleterious	981	30	0.000	Damaging	3.63	369
189	NP_689509.1 756 R C	NP_689509.1	756	R	C	-5.93	Deleterious	981	30	0.000	Damaging	3.63	368
190	NP_689509.1 756 R C	NP_689509.1	756	R	C	-5.93	Deleterious	981	30	0.000	Damaging	3.63	368
191	NP_689509.1 756 R C	NP_689509.1	756	R	C	-5.93	Deleterious	981	30	0.000	Damaging	3.63	368
192	NP_689509.1 756 R C	NP_689509.1	756	R	C	-5.93	Deleterious	981	30	0.000	Damaging	3.63	368
193	NP_689509.1 756 R C	NP_689509.1	756	R	C	-5.93	Deleterious	981	30	0.000	Damaging	3.63	368
194	NP_689509.1 756 R H	NP_689509.1	756	R	H	-3.70	Deleterious	981	30	0.000	Damaging	3.63	368
195	NP_689509.1 137 S F	NP_689509.1	137	S	F	-3.83	Deleterious	981	30	0.000	Damaging	3.63	362
196	NP_689509.1 137 S Y	NP_689509.1	137	S	Y	-3.49	Deleterious	981	30	0.000	Damaging	3.63	362
197	NP_689509.1 137 S Y	NP_689509.1	137	S	Y	-3.49	Deleterious	981	30	0.000	Damaging	3.63	362
198	NP_689509.1 137 S Y	NP_689509.1	137	S	Y	-3.49	Deleterious	981	30	0.000	Damaging	3.63	362
199	NP_689509.1 137 S Y	NP_689509.1	137	S	Y	-3.49	Deleterious	981	30	0.000	Damaging	3.63	362
200	NP_689509.1 772 S R	NP_689509.1	772	S	R	-2.77	Deleterious	981	30	0.001	Damaging	3.63	369
201	NP_689509.1 772 S R	NP_689509.1	772	S	R	-2.77	Deleterious	981	30	0.001	Damaging	3.63	369
202	NP_689509.1 811 S P	NP_689509.1	811	S	P	-3.41	Deleterious	981	30	0.001	Damaging	3.63	368
203	NP_689509.1 811 S P	NP_689509.1	811	S	P	-3.41	Deleterious	981	30	0.001	Damaging	3.63	368
204	NP_689509.1 811 S P	NP_689509.1	811	S	P	-3.41	Deleterious	981	30	0.001	Damaging	3.63	368
205	NP_689509.1 811 S P	NP_689509.1	811	S	P	-3.41	Deleterious	981	30	0.001	Damaging	3.63	368
206	NP_689509.1 331 T I	NP_689509.1	331	T	I	-5.04	Deleterious	981	30	0.000	Damaging	3.63	369
207	NP_689509.1 370 T N	NP_689509.1	370	T	N	-4.16	Deleterious	981	30	0.000	Damaging	3.63	369
208	NP_689509.1 613 T M	NP_689509.1	613	T	M	-4.53	Deleterious	981	30	0.000	Damaging	3.63	369
209	NP_689509.1 613 T M	NP_689509.1	613	T	M	-4.53	Deleterious	981	30	0.000	Damaging	3.63	369
210	NP_689509.1 613 T M	NP_689509.1	613	T	M	-4.53	Deleterious	981	30	0.000	Damaging	3.63	369
211	NP_689509.1 771 T I	NP_689509.1	771	T	I	-4.33	Deleterious	981	30	0.000	Damaging	3.63	369
212	NP_689509.1 771 T N	NP_689509.1	771	T	N	-3.48	Deleterious	981	30	0.000	Damaging	3.63	369
213	NP_689509.1 771 T N	NP_689509.1	771	T	N	-3.48	Deleterious	981	30	0.000	Damaging	3.63	369
214	NP_689509.1 804 T I	NP_689509.1	804	T	I	-4.24	Deleterious	981	30	0.000	Damaging	3.63	369
215	NP_689509.1 129 V M	NP_689509.1	129	V	M	-2.37	Neutral	981	30	0.000	Damaging	3.63	362
216	NP_689509.1 322 V D	NP_689509.1	322	V	D	-5.94	Deleterious	981	30	0.000	Damaging	3.63	369
217	NP_689509.1 322 V D	NP_689509.1	322	V	D	-5.94	Deleterious	981	30	0.000	Damaging	3.63	369
218	NP_689509.1 322 V I	NP_689509.1	322	V	I	-0.85	Neutral	981	30	0.000	Damaging	3.63	369
