E1-E2_ATPase,-3.39,0.0,DD
unannotated domain,-3.04,0.0,DD
cation_ATPase_C,-3.58,0.0,AHC
E1-E2_ATPase,-8.47,0.0,AHC
E1-E2_ATPase,-8.47,0.0,AHC
E1-E2_ATPase,-8.47,0.0,AHC
cation_ATPase_C,-4.78,0.007,AHC
cation_ATPase_C,-4.65,0.006,AHC
E1-E2_ATPase,-2.39,0.001,AHC
unannotated domain,-7.32,0.0,RDP + AHC
unannotated domain,-6.6,0.0,CAPOS
cation_ATPase_C,-2.44,0.119,AHC
cation_ATPase_C,-2.44,0.119,AHC
cation_ATPase_C,-3.42,0.001,AHC
cation_ATPase_C,-3.42,0.001,AHC
cation_ATPase_C,-3.42,0.001,AHC
cation_ATPase_C,-3.42,0.001,AHC
cation_ATPase_C,-3.42,0.001,AHC
cation_ATPase_C,-3.42,0.001,AHC
cation_ATPase_C,-3.42,0.001,AHC
cation_ATPase_C,-3.42,0.001,AHC
cation_ATPase_C,-3.42,0.001,AHC
cation_ATPase_C,-3.42,0.001,AHC
cation_ATPase_C,-3.42,0.001,AHC
cation_ATPase_C,-3.42,0.001,AHC
cation_ATPase_C,-3.42,0.001,AHC
cation_ATPase_C,-3.42,0.001,AHC
cation_ATPase_C,-3.42,0.001,AHC
cation_ATPase_C,-3.42,0.001,AHC
cation_ATPase_C,-3.42,0.001,AHC
cation_ATPase_C,-3.42,0.001,AHC
cation_ATPase_C,-3.42,0.001,AHC
cation_ATPase_C,-3.42,0.001,AHC
cation_ATPase_C,-3.42,0.001,AHC
cation_ATPase_C,-3.42,0.001,AHC
cation_ATPase_C,-3.42,0.001,AHC
cation_ATPase_C,-3.42,0.001,AHC
cation_ATPase_C,-3.42,0.001,AHC
cation_ATPase_C,-3.42,0.001,AHC
cation_ATPase_C,-3.42,0.001,AHC
cation_ATPase_C,-3.42,0.001,AHC
cation_ATPase_C,-3.42,0.001,AHC
cation_ATPase_C,-3.42,0.001,AHC
cation_ATPase_C,-3.42,0.001,AHC
cation_ATPase_C,-3.42,0.001,AHC
cation_ATPase_C,-3.42,0.001,AHC
cation_ATPase_C,-3.42,0.001,AHC
cation_ATPase_C,-3.42,0.001,AHC
cation_ATPase_C,-3.42,0.001,AHC
cation_ATPase_C,-3.42,0.001,AHC
cation_ATPase_C,-3.42,0.001,AHC
cation_ATPase_C,-3.42,0.001,AHC
cation_ATPase_C,-3.42,0.001,AHC
cation_ATPase_C,-3.42,0.001,AHC
cation_ATPase_C,-3.42,0.001,AHC
cation_ATPase_C,-3.42,0.001,AHC
cation_ATPase_C,-3.42,0.001,AHC
cation_ATPase_C,-3.42,0.001,AHC
cation_ATPase_C,-3.42,0.001,AHC
cation_ATPase_C,-3.42,0.001,AHC
cation_ATPase_C,-3.42,0.001,AHC
cation_ATPase_C,-3.42,0.001,AHC
cation_ATPase_C,-3.42,0.001,AHC
cation_ATPase_C,-3.42,0.001,AHC
cation_ATPase_C,-3.42,0.001,AHC
cation_ATPase_C,-3.42,0.001,AHC
cation_ATPase_C,-3.42,0.001,AHC
cation_ATPase_C,-3.42,0.001,AHC
cation_ATPase_C,-3.42,0.001,AHC
cation_ATPase_C,-3.42,0.001,AHC
cation_ATPase_C,-3.42,0.001,AHC
cation_ATPase_C,-3.42,0.001,AHC
cation_ATPase_C,-3.42,0.001,AHC
cation_ATPase_C,-3.42,0.001,AHC
cation_ATPase_C,-6.21,0.0,AHC
cation_ATPase_C,-4.94,0.0,AHC
cation_ATPase_C,-3.12,0.039,AHC
cation_ATPase_C,-3.12,0.039,AHC
cation_ATPase_C,-3.12,0.039,AHC
cation_ATPase_C,-3.12,0.039,AHC
cation_ATPase_C,-3.12,0.039,AHC
cation_ATPase_C,-6.05,0.0,AHC
cation_ATPase_C,-6.05,0.0,AHC
cation_ATPase_C,-5.91,0.0,AHC
E1-E2_ATPase,-3.39,0.0,RDP
E1-E2_ATPase,-3.39,0.0,RDP
cation_ATPase_C,-2.88,0.001,AHC
cation_ATPase_C,-2.88,0.001,AHC
cation_ATPase_C,-2.88,0.001,AHC
cation_ATPase_C,-2.88,0.001,AHC
cation_ATPase_C,-2.88,0.001,AHC
cation_ATPase_C,-2.88,0.001,AHC
cation_ATPase_C,-2.88,0.001,AHC
cation_ATPase_C,-2.88,0.001,AHC
cation_ATPase_C,-2.88,0.001,AHC
cation_ATPase_C,-2.88,0.001,AHC
cation_ATPase_C,-2.88,0.001,AHC
cation_ATPase_C,-2.88,0.001,AHC
cation_ATPase_C,-2.88,0.001,AHC
cation_ATPase_C,-2.88,0.001,AHC
cation_ATPase_C,-2.88,0.001,AHC
cation_ATPase_C,-2.88,0.001,AHC
cation_ATPase_C,-2.88,0.001,AHC
cation_ATPase_C,-2.88,0.001,AHC
cation_ATPase_C,-2.88,0.001,AHC
cation_ATPase_C,-2.88,0.001,AHC
cation_ATPase_C,-2.88,0.001,AHC
cation_ATPase_C,-2.88,0.001,AHC
cation_ATPase_C,-2.88,0.001,AHC
cation_ATPase_C,-2.88,0.001,AHC
cation_ATPase_C,-2.88,0.001,AHC
cation_ATPase_C,-2.88,0.001,AHC
cation_ATPase_C,-2.88,0.001,AHC
cation_ATPase_C,-2.88,0.001,AHC
cation_ATPase_C,-2.88,0.001,AHC
cation_ATPase_C,-2.88,0.001,AHC
cation_ATPase_C,-2.88,0.001,AHC
cation_ATPase_C,-2.88,0.001,AHC
cation_ATPase_C,-2.88,0.001,AHC
cation_ATPase_C,-2.88,0.001,AHC
cation_ATPase_C,-2.88,0.001,AHC
cation_ATPase_C,-2.88,0.001,AHC
cation_ATPase_C,-2.88,0.001,AHC
cation_ATPase_C,-2.88,0.001,CAPOS
cation_ATPase_C,-2.88,0.001,CAPOS
cation_ATPase_C,-2.88,0.001,CAPOS
cation_ATPase_C,-2.88,0.001,CAPOS
cation_ATPase_C,-2.88,0.001,CAPOS
cation_ATPase_C,-2.88,0.001,CAPOS
cation_ATPase_C,-2.88,0.001,CAPOS
unannotated domain,-5.77,0.0,RDP
E1-E2_ATPase,-4.46,0.027,RDP
E1-E2_ATPase,-4.46,0.027,RDP
E1-E2_ATPase,-6.87,0.0,DD
unannotated domain,-7.6,0.0,AHC
unannotated domain,-5.91,0.0,RDP + AHC
unannotated domain,-7.6,0.0,Catastrophic Early Life Epilepsy
unannotated domain,-6.21,0.0,DD
unannotated domain,-6.21,0.0,DD
unannotated domain,-6.21,0.0,DD
unannotated domain,-6.21,0.0,DD
unannotated domain,-4.42,0.0,AHC
unannotated domain,-6.58,0.0,AHC
unannotated domain,-6.58,0.0,AHC
unannotated domain,-6.58,0.0,AHC
unannotated domain,-6.58,0.0,AHC
unannotated domain,-4.42,0.0,AHC
unannotated domain,-4.42,0.0,AHC
cation_ATPase_C,-5.03,0.001,RDP + AHC
cation_ATPase_C,-5.46,0.0,AHC
cation_ATPase_N,-4.49,0.0,DD
cation_ATPase_C,-4.31,0.0,AHC
cation_ATPase_C,-4.31,0.0,AHC
cation_ATPase_C,-4.31,0.0,AHC
cation_ATPase_C,-4.31,0.0,AHC
cation_ATPase_C,-4.31,0.0,AHC
cation_ATPase_C,-4.31,0.0,AHC
cation_ATPase_C,-4.31,0.0,AHC
cation_ATPase_C,-4.31,0.0,AHC
cation_ATPase_C,-4.31,0.0,AHC
cation_ATPase_C,-4.31,0.0,AHC
cation_ATPase_C,-4.31,0.0,AHC
cation_ATPase_C,-4.31,0.0,AHC
cation_ATPase_C,-4.31,0.0,AHC
cation_ATPase_C,-4.31,0.0,AHC
cation_ATPase_C,-4.31,0.0,AHC
cation_ATPase_C,-4.31,0.0,AHC
cation_ATPase_C,-4.31,0.0,AHC
cation_ATPase_C,-4.31,0.0,AHC
E1-E2_ATPase,-5.91,0.0,AHC
unannotated domain,-5.89,0.0,Epilepsy and recurrent apnea
cation_ATPase_C,-4.92,0.0,AHC
cation_ATPase_C,-4.22,0.0,AHC
E1-E2_ATPase,-4.73,0.0,DD
unannotated domain,-5.82,0.0,AHC
unannotated domain,-5.46,0.0,AHC
cation_ATPase_C,-4.99,0.0,AHC
cation_ATPase_C,-4.99,0.0,AHC
cation_ATPase_C,-4.98,0.0,AHC
cation_ATPase_C,-4.43,0.0,AHC
E1-E2_ATPase,-2.39,0.001,CAPOS
unannotated domain,-6.39,0.0,AHC
unannotated domain,-3.48,0.001,AHC
cation_ATPase_C,-7.03,0.0,AHC
unannotated domain,-5.58,0.0,AHC
unannotated domain,-5.3,0.0,RDP
unannotated domain,-5.93,0.0,RDP + AHC + CAPOS
unannotated domain,-5.93,0.0,RDP + AHC + CAPOS
unannotated domain,-5.93,0.0,RDP + AHC + CAPOS
unannotated domain,-5.93,0.0,RDP + AHC + CAPOS
unannotated domain,-5.93,0.0,RDP + AHC + CAPOS
unannotated domain,-3.7,0.0,RDP + AHC
unannotated domain,-3.83,0.0,AHC
unannotated domain,-3.49,0.0,AHC
unannotated domain,-3.49,0.0,AHC
unannotated domain,-3.49,0.0,AHC
unannotated domain,-3.49,0.0,AHC
unannotated domain,-2.77,0.001,AHC
unannotated domain,-2.77,0.001,AHC
cation_ATPase_C,-3.41,0.001,AHC
cation_ATPase_C,-3.41,0.001,AHC
cation_ATPase_C,-3.41,0.001,AHC
cation_ATPase_C,-3.41,0.001,AHC
E1-E2_ATPase,-5.04,0.0,DD
unannotated domain,-4.16,0.0,AHC
unannotated domain,-4.53,0.0,RDP
unannotated domain,-4.53,0.0,RDP
unannotated domain,-4.53,0.0,RDP
unannotated domain,-4.33,0.0,AHC
unannotated domain,-3.48,0.0,AHC
unannotated domain,-3.48,0.0,AHC
cation_ATPase_C,-4.24,0.0,AHC
unannotated domain,-2.37,0.0,Childhood-onset schizophrenia
E1-E2_ATPase,-5.94,0.0,AHC
E1-E2_ATPase,-5.94,0.0,AHC
E1-E2_ATPase,-0.85,0.0,DD
