#ROW_NO.	INPUT	PROTEIN_ID	POSITION	RESIDUE_REF	RESIDUE_ALT	SCORE	PREDICTION (cutoff=-2.5)	#SEQ	#CLUSTER	SCORE	PREDICTION (cutoff=0.05)	MEDIAN_INFO	#SEQ
1	NP_689509.1 1004 G A	NP_689509.1	1004	G	A	-3.65	Deleterious	981	30	0.000	Damaging	3.63	352
2	NP_689509.1 990 V I	NP_689509.1	990	V	I	-0.15	Neutral	981	30	0.498	Tolerated	3.63	353
3	NP_689509.1 969 R C	NP_689509.1	969	R	C	-4.49	Deleterious	981	30	0.000	Damaging	3.62	358
4	NP_689509.1 966 V M	NP_689509.1	966	V	M	-0.41	Neutral	981	30	0.130	Tolerated	3.62	358
5	NP_689509.1 905 E D	NP_689509.1	905	E	D	-2.03	Neutral	981	30	0.001	Damaging	3.63	367
6	NP_689509.1 885 V I	NP_689509.1	885	V	I	0.05	Neutral	981	30	0.712	Tolerated	3.63	369
7	NP_689509.1 883 R H	NP_689509.1	883	R	H	-2.04	Neutral	981	30	0.168	Tolerated	3.63	369
8	NP_689509.1 872 N K	NP_689509.1	872	N	K	0.13	Neutral	981	30	0.672	Tolerated	3.63	369
9	NP_689509.1 871 G S	NP_689509.1	871	G	S	1.09	Neutral	981	30	0.455	Tolerated	3.63	369
10	NP_689509.1 831 T M	NP_689509.1	831	T	M	-1.33	Neutral	981	30	0.054	Tolerated	3.63	369
11	NP_689509.1 830 R Q	NP_689509.1	830	R	Q	-0.25	Neutral	981	30	0.328	Tolerated	3.63	368
12	NP_689509.1 820 D N	NP_689509.1	820	D	N	-3.60	Deleterious	981	30	0.000	Damaging	3.63	368
13	NP_689509.1 698 Q H	NP_689509.1	698	Q	H	-2.47	Neutral	981	30	0.014	Damaging	3.63	368
14	NP_689509.1 659 D H	NP_689509.1	659	D	H	-2.49	Neutral	981	30	0.001	Damaging	3.63	368
15	NP_689509.1 642 V I	NP_689509.1	642	V	I	-0.42	Neutral	981	30	0.214	Tolerated	3.63	366
16	NP_689509.1 636 A T	NP_689509.1	636	A	T	-1.29	Neutral	981	30	0.059	Tolerated	3.63	368
17	NP_689509.1 572 N D	NP_689509.1	572	N	D	-1.78	Neutral	981	30	0.118	Tolerated	3.63	369
18	NP_689509.1 571 D N	NP_689509.1	571	D	N	-1.04	Neutral	981	30	0.144	Tolerated	3.63	369
19	NP_689509.1 521 D E	NP_689509.1	521	D	E	-2.70	Deleterious	981	30	0.001	Damaging	3.63	369
20	NP_689509.1 507 R H	NP_689509.1	507	R	H	-3.62	Deleterious	981	30	0.003	Damaging	3.63	369
21	NP_689509.1 507 R C	NP_689509.1	507	R	C	-5.85	Deleterious	981	30	0.003	Damaging	3.63	369
22	NP_689509.1 492 R Q	NP_689509.1	492	R	Q	-1.66	Neutral	981	30	0.048	Damaging	3.64	348
23	NP_689509.1 491 N S	NP_689509.1	491	N	S	0.60	Neutral	981	30	0.605	Tolerated	3.64	366
24	NP_689509.1 463 R H	NP_689509.1	463	R	H	-2.82	Deleterious	981	30	0.025	Damaging	3.63	369
25	NP_689509.1 463 R C	NP_689509.1	463	R	C	-4.87	Deleterious	981	30	0.000	Damaging	3.63	369
26	NP_689509.1 422 V A	NP_689509.1	422	V	A	-0.22	Neutral	981	30	0.302	Tolerated	3.63	369
27	NP_689509.1 247 V M	NP_689509.1	247	V	M	-1.46	Neutral	981	30	0.141	Tolerated	3.63	367
28	NP_689509.1 84 R Q	NP_689509.1	84	R	Q	-1.45	Neutral	981	30	0.019	Damaging	3.62	357
29	NP_689509.1 64 R Q	NP_689509.1	64	R	Q	-2.43	Neutral	981	30	0.051	Tolerated	3.63	358
30	NP_689509.1 19 R H	NP_689509.1	19	R	H	-0.84	Neutral	981	30	0.033	Damaging	3.68	133
31	NP_689509.1 19 R C	NP_689509.1	19	R	C	-1.54	Neutral	981	30	0.024	Damaging	3.68	133
32	NP_689509.1 9 D G	NP_689509.1	9	D	G	0.61	Neutral	981	30	0.404	Tolerated	3.71	81
33	NP_689509.1 6 D E	NP_689509.1	6	D	E	0.10	Neutral	981	30	0.445	Tolerated	3.75	71
34	NP_689509.1 1002 N N	NP_689509.1	1002	N	N	0.00	Neutral	981	30	0.721	Tolerated	3.63	353
35	NP_689509.1 992 D D	NP_689509.1	992	D	D	0.00	Neutral	981	30	1.000	Tolerated	3.63	353
36	NP_689509.1 991 Y Y	NP_689509.1	991	Y	Y	0.00	Neutral	981	30	1.000	Tolerated	3.63	353
37	NP_689509.1 989 F F	NP_689509.1	989	F	F	0.00	Neutral	981	30	1.000	Tolerated	3.63	353
38	NP_689509.1 965 D D	NP_689509.1	965	D	D	0.00	Neutral	981	30	1.000	Tolerated	3.62	358
39	NP_689509.1 962 P P	NP_689509.1	962	P	P	0.00	Neutral	981	30	1.000	Tolerated	3.62	357
40	NP_689509.1 952 T T	NP_689509.1	952	T	T	0.00	Neutral	981	30	1.000	Tolerated	3.62	358
41	NP_689509.1 946 F F	NP_689509.1	946	F	F	0.00	Neutral	981	30	1.000	Tolerated	3.62	357
42	NP_689509.1 918 V V	NP_689509.1	918	V	V	0.00	Neutral	981	30	1.000	Tolerated	3.63	366
43	NP_689509.1 892 Y Y	NP_689509.1	892	Y	Y	0.00	Neutral	981	30	1.000	Tolerated	3.63	369
44	NP_689509.1 878 L L	NP_689509.1	878	L	L	0.00	Neutral	981	30	0.963	Tolerated	3.62	368
45	NP_689509.1 870 P P	NP_689509.1	870	P	P	0.00	Neutral	981	30	1.000	Tolerated	3.63	369
46	NP_689509.1 853 L L	NP_689509.1	853	L	L	0.00	Neutral	981	30	1.000	Tolerated	3.63	369
47	NP_689509.1 831 T T	NP_689509.1	831	T	T	0.00	Neutral	981	30	1.000	Tolerated	3.63	369
48	NP_689509.1 829 P P	NP_689509.1	829	P	P	0.00	Neutral	981	30	1.000	Tolerated	3.63	369
49	NP_689509.1 819 S S	NP_689509.1	819	S	S	0.00	Neutral	981	30	1.000	Tolerated	3.62	367
50	NP_689509.1 817 A A	NP_689509.1	817	A	A	0.00	Neutral	981	30	1.000	Tolerated	3.63	368
51	NP_689509.1 814 Y Y	NP_689509.1	814	Y	Y	0.00	Neutral	981	30	1.000	Tolerated	3.63	368
52	NP_689509.1 813 A A	NP_689509.1	813	A	A	0.00	Neutral	981	30	1.000	Tolerated	3.63	368
53	NP_689509.1 789 P P	NP_689509.1	789	P	P	0.00	Neutral	981	30	1.000	Tolerated	3.63	368
54	NP_689509.1 778 T T	NP_689509.1	778	T	T	0.00	Neutral	981	30	1.000	Tolerated	3.63	368
55	NP_689509.1 775 P P	NP_689509.1	775	P	P	0.00	Neutral	981	30	1.000	Tolerated	3.63	368
56	NP_689509.1 773 N N	NP_689509.1	773	N	N	0.00	Neutral	981	30	1.000	Tolerated	3.63	368
57	NP_689509.1 759 F F	NP_689509.1	759	F	F	0.00	Neutral	981	30	1.000	Tolerated	3.63	368
58	NP_689509.1 748 I I	NP_689509.1	748	I	I	0.00	Neutral	981	30	1.000	Tolerated	3.63	369
59	NP_689509.1 742 D D	NP_689509.1	742	D	D	0.00	Neutral	981	30	1.000	Tolerated	3.63	369
60	NP_689509.1 730 D D	NP_689509.1	730	D	D	0.00	Neutral	981	30	1.000	Tolerated	3.63	369
61	NP_689509.1 726 I I	NP_689509.1	726	I	I	0.00	Neutral	981	30	1.000	Tolerated	3.63	369
62	NP_689509.1 718 A A	NP_689509.1	718	A	A	0.00	Neutral	981	30	1.000	Tolerated	3.63	369
63	NP_689509.1 705 T T	NP_689509.1	705	T	T	0.00	Neutral	981	30	1.000	Tolerated	3.63	369
64	NP_689509.1 680 F F	NP_689509.1	680	F	F	0.00	Neutral	981	30	1.000	Tolerated	3.63	369
65	NP_689509.1 669 D D	NP_689509.1	669	D	D	0.00	Neutral	981	30	1.000	Tolerated	3.63	369
66	NP_689509.1 668 I I	NP_689509.1	668	I	I	0.00	Neutral	981	30	0.221	Tolerated	3.63	369
67	NP_689509.1 665 S S	NP_689509.1	665	S	S	0.00	Neutral	981	30	1.000	Tolerated	3.63	369
68	NP_689509.1 658 T T	NP_689509.1	658	T	T	0.00	Neutral	981	30	0.443	Tolerated	3.63	368
69	NP_689509.1 656 H H	NP_689509.1	656	H	H	0.00	Neutral	981	30	1.000	Tolerated	3.63	368
70	NP_689509.1 653 C C	NP_689509.1	653	C	C	0.00	Neutral	981	30	1.000	Tolerated	3.63	367
71	NP_689509.1 635 A A	NP_689509.1	635	A	A	0.00	Neutral	981	30	1.000	Tolerated	3.63	368
72	NP_689509.1 628 N N	NP_689509.1	628	N	N	0.00	Neutral	981	30	1.000	Tolerated	3.63	367
73	NP_689509.1 613 T T	NP_689509.1	613	T	T	0.00	Neutral	981	30	1.000	Tolerated	3.63	369
74	NP_689509.1 598 S S	NP_689509.1	598	S	S	0.00	Neutral	981	30	1.000	Tolerated	3.63	369
75	NP_689509.1 592 A A	NP_689509.1	592	A	A	0.00	Neutral	981	30	1.000	Tolerated	3.63	369
76	NP_689509.1 591 D D	NP_689509.1	591	D	D	0.00	Neutral	981	30	1.000	Tolerated	3.63	369
77	NP_689509.1 582 I I	NP_689509.1	582	I	I	0.00	Neutral	981	30	1.000	Tolerated	3.63	369
78	NP_689509.1 572 N N	NP_689509.1	572	N	N	0.00	Neutral	981	30	1.000	Tolerated	3.63	369
79	NP_689509.1 569 T T	NP_689509.1	569	T	T	0.00	Neutral	981	30	0.067	Tolerated	3.63	369
80	NP_689509.1 565 D D	NP_689509.1	565	D	D	0.00	Neutral	981	30	0.707	Tolerated	3.63	369
81	NP_689509.1 561 F F	NP_689509.1	561	F	F	0.00	Neutral	981	30	1.000	Tolerated	3.63	369
82	NP_689509.1 541 R R	NP_689509.1	541	R	R	0.00	Neutral	981	30	1.000	Tolerated	3.63	369
83	NP_689509.1 535 L L	NP_689509.1	535	L	L	0.00	Neutral	981	30	1.000	Tolerated	3.63	369
84	NP_689509.1 509 S S	NP_689509.1	509	S	S	0.00	Neutral	981	30	1.000	Tolerated	3.63	369
85	NP_689509.1 489 N N	NP_689509.1	489	N	N	0.00	Neutral	981	30	1.000	Tolerated	3.62	366
86	NP_689509.1 485 T T	NP_689509.1	485	T	T	0.00	Neutral	981	30	1.000	Tolerated	3.63	362
87	NP_689509.1 470 I I	NP_689509.1	470	I	I	0.00	Neutral	981	30	1.000	Tolerated	3.63	368
88	NP_689509.1 456 S S	NP_689509.1	456	S	S	0.00	Neutral	981	30	1.000	Tolerated	3.63	369
89	NP_689509.1 450 I I	NP_689509.1	450	I	I	0.00	Neutral	981	30	1.000	Tolerated	3.63	369
90	NP_689509.1 448 K K	NP_689509.1	448	K	K	0.00	Neutral	981	30	1.000	Tolerated	3.63	369
91	NP_689509.1 441 A A	NP_689509.1	441	A	A	0.00	Neutral	981	30	1.000	Tolerated	3.63	369
92	NP_689509.1 432 V V	NP_689509.1	432	V	V	0.00	Neutral	981	30	0.522	Tolerated	3.63	369
93	NP_689509.1 427 Q Q	NP_689509.1	427	Q	Q	0.00	Neutral	981	30	1.000	Tolerated	3.63	369
94	NP_689509.1 418 C C	NP_689509.1	418	C	C	0.00	Neutral	981	30	1.000	Tolerated	3.63	369
95	NP_689509.1 399 T T	NP_689509.1	399	T	T	0.00	Neutral	981	30	0.765	Tolerated	3.63	368
96	NP_689509.1 388 H H	NP_689509.1	388	H	H	0.00	Neutral	981	30	1.000	Tolerated	3.63	369
97	NP_689509.1 378 V V	NP_689509.1	378	V	V	0.00	Neutral	981	30	1.000	Tolerated	3.63	369
98	NP_689509.1 377 T T	NP_689509.1	377	T	T	0.00	Neutral	981	30	1.000	Tolerated	3.63	369
99	NP_689509.1 362 T T	NP_689509.1	362	T	T	0.00	Neutral	981	30	1.000	Tolerated	3.63	369
100	NP_689509.1 360 T T	NP_689509.1	360	T	T	0.00	Neutral	981	30	1.000	Tolerated	3.63	369
101	NP_689509.1 339 K K	NP_689509.1	339	K	K	0.00	Neutral	981	30	1.000	Tolerated	3.63	368
102	NP_689509.1 335 T T	NP_689509.1	335	T	T	0.00	Neutral	981	30	1.000	Tolerated	3.63	369
103	NP_689509.1 318 I I	NP_689509.1	318	I	I	0.00	Neutral	981	30	1.000	Tolerated	3.63	369
104	NP_689509.1 317 I I	NP_689509.1	317	I	I	0.00	Neutral	981	30	1.000	Tolerated	3.63	369
105	NP_689509.1 305 Y Y	NP_689509.1	305	Y	Y	0.00	Neutral	981	30	1.000	Tolerated	3.63	369
106	NP_689509.1 287 G G	NP_689509.1	287	G	G	0.00	Neutral	981	30	1.000	Tolerated	3.63	369
107	NP_689509.1 286 T T	NP_689509.1	286	T	T	0.00	Neutral	981	30	1.000	Tolerated	3.63	369
108	NP_689509.1 284 L L	NP_689509.1	284	L	L	0.00	Neutral	981	30	0.653	Tolerated	3.63	369
109	NP_689509.1 276 I I	NP_689509.1	276	I	I	0.00	Neutral	981	30	1.000	Tolerated	3.63	369
110	NP_689509.1 274 I I	NP_689509.1	274	I	I	0.00	Neutral	981	30	1.000	Tolerated	3.63	369
111	NP_689509.1 272 T T	NP_689509.1	272	T	T	0.00	Neutral	981	30	1.000	Tolerated	3.63	369
112	NP_689509.1 262 T T	NP_689509.1	262	T	T	0.00	Neutral	981	30	1.000	Tolerated	3.63	369
113	NP_689509.1 252 G G	NP_689509.1	252	G	G	0.00	Neutral	981	30	1.000	Tolerated	3.63	367
114	NP_689509.1 251 T T	NP_689509.1	251	T	T	0.00	Neutral	981	30	1.000	Tolerated	3.63	367
115	NP_689509.1 247 V V	NP_689509.1	247	V	V	0.00	Neutral	981	30	0.518	Tolerated	3.63	367
116	NP_689509.1 243 T T	NP_689509.1	243	T	T	0.00	Neutral	981	30	1.000	Tolerated	3.63	368
117	NP_689509.1 236 S S	NP_689509.1	236	S	S	0.00	Neutral	981	30	1.000	Tolerated	3.63	367
118	NP_689509.1 233 T T	NP_689509.1	233	T	T	0.00	Neutral	981	30	0.075	Tolerated	3.63	367
119	NP_689509.1 223 H H	NP_689509.1	223	H	H	0.00	Neutral	981	30	1.000	Tolerated	3.63	367
120	NP_689509.1 222 T T	NP_689509.1	222	T	T	0.00	Neutral	981	30	1.000	Tolerated	3.63	367
121	NP_689509.1 219 P P	NP_689509.1	219	P	P	0.00	Neutral	981	30	1.000	Tolerated	3.63	367
122	NP_689509.1 212 S S	NP_689509.1	212	S	S	0.00	Neutral	981	30	1.000	Tolerated	3.63	367
123	NP_689509.1 199 H H	NP_689509.1	199	H	H	0.00	Neutral	981	30	0.851	Tolerated	3.63	368
124	NP_689509.1 171 N N	NP_689509.1	171	N	N	0.00	Neutral	981	30	1.000	Tolerated	3.63	367
125	NP_689509.1 121 Y Y	NP_689509.1	121	Y	Y	0.00	Neutral	981	30	1.000	Tolerated	3.63	360
126	NP_689509.1 109 A A	NP_689509.1	109	A	A	0.00	Neutral	981	30	1.000	Tolerated	3.63	359
127	NP_689509.1 105 Y Y	NP_689509.1	105	Y	Y	0.00	Neutral	981	30	1.000	Tolerated	3.63	359
128	NP_689509.1 96 I I	NP_689509.1	96	I	I	0.00	Neutral	981	30	1.000	Tolerated	3.62	358
129	NP_689509.1 81 K K	NP_689509.1	81	K	K	0.00	Neutral	981	30	1.000	Tolerated	3.62	357
130	NP_689509.1 76 T T	NP_689509.1	76	T	T	0.00	Neutral	981	30	1.000	Tolerated	3.62	356
131	NP_689509.1 73 P P	NP_689509.1	73	P	P	0.00	Neutral	981	30	1.000	Tolerated	3.62	356
132	NP_689509.1 68 N N	NP_689509.1	68	N	N	0.00	Neutral	981	30	1.000	Tolerated	3.62	356
133	NP_689509.1 64 R R	NP_689509.1	64	R	R	0.00	Neutral	981	30	1.000	Tolerated	3.63	358
134	NP_689509.1 49 C C	NP_689509.1	49	C	C	0.00	Neutral	981	30	0.174	Tolerated	3.62	352
135	NP_689509.1 21 D D	NP_689509.1	21	D	D	0.00	Neutral	981	30	1.000	Tolerated	3.71	241
136	NP_689509.1 18 E E	NP_689509.1	18	E	E	0.00	Neutral	981	30	0.745	Tolerated	3.69	152
